customer_id,customer_unique_id,customer_zip_code_prefix,customer_city,customer_state
cust_0,u_cust_0,8270,Sao Paulo,SP
cust_1,u_cust_1,1860,Salvador,MG
cust_2,u_cust_2,6390,Sao Paulo,SP
cust_3,u_cust_3,6191,Salvador,RJ
cust_4,u_cust_4,6734,Belo Horizonte,RJ
cust_5,u_cust_5,7265,Sao Paulo,MG
cust_6,u_cust_6,1466,Rio de Janeiro,RJ
cust_7,u_cust_7,5426,Rio de Janeiro,SP
cust_8,u_cust_8,6578,Salvador,RJ
cust_9,u_cust_9,9322,Rio de Janeiro,SP
cust_10,u_cust_10,2685,Sao Paulo,SP
cust_11,u_cust_11,1769,Rio de Janeiro,RJ
cust_12,u_cust_12,7949,Belo Horizonte,MG
cust_13,u_cust_13,3433,Belo Horizonte,BA
cust_14,u_cust_14,6311,Salvador,RJ
cust_15,u_cust_15,6051,Sao Paulo,SP
cust_16,u_cust_16,7420,Belo Horizonte,SP
cust_17,u_cust_17,2184,Belo Horizonte,RJ
cust_18,u_cust_18,5555,Sao Paulo,MG
cust_19,u_cust_19,4385,Rio de Janeiro,MG
cust_20,u_cust_20,7396,Rio de Janeiro,SP
cust_21,u_cust_21,9666,Salvador,SP
cust_22,u_cust_22,3558,Rio de Janeiro,MG
cust_23,u_cust_23,8849,Sao Paulo,BA
cust_24,u_cust_24,3047,Belo Horizonte,RJ
cust_25,u_cust_25,3747,Rio de Janeiro,SP
cust_26,u_cust_26,1189,Salvador,SP
cust_27,u_cust_27,3734,Rio de Janeiro,MG
cust_28,u_cust_28,4005,Sao Paulo,RJ
cust_29,u_cust_29,5658,Salvador,MG
cust_30,u_cust_30,2899,Rio de Janeiro,RJ
cust_31,u_cust_31,8734,Salvador,RJ
cust_32,u_cust_32,2267,Sao Paulo,RJ
cust_33,u_cust_33,2528,Belo Horizonte,SP
cust_34,u_cust_34,4556,Sao Paulo,BA
cust_35,u_cust_35,4890,Sao Paulo,MG
cust_36,u_cust_36,9838,Sao Paulo,BA
cust_37,u_cust_37,6393,Sao Paulo,MG
cust_38,u_cust_38,9792,Belo Horizonte,RJ
cust_39,u_cust_39,9433,Belo Horizonte,SP
cust_40,u_cust_40,8513,Salvador,BA
cust_41,u_cust_41,3612,Rio de Janeiro,SP
cust_42,u_cust_42,8041,Belo Horizonte,MG
cust_43,u_cust_43,7235,Belo Horizonte,SP
cust_44,u_cust_44,6486,Rio de Janeiro,SP
cust_45,u_cust_45,8099,Belo Horizonte,BA
cust_46,u_cust_46,1775,Sao Paulo,RJ
cust_47,u_cust_47,9226,Sao Paulo,SP
cust_48,u_cust_48,4152,Rio de Janeiro,RJ
cust_49,u_cust_49,2585,Salvador,MG
cust_50,u_cust_50,4943,Salvador,SP
cust_51,u_cust_51,8555,Rio de Janeiro,BA
cust_52,u_cust_52,4073,Rio de Janeiro,MG
cust_53,u_cust_53,2021,Sao Paulo,MG
cust_54,u_cust_54,4843,Salvador,BA
cust_55,u_cust_55,8989,Belo Horizonte,SP
cust_56,u_cust_56,7873,Sao Paulo,SP
cust_57,u_cust_57,6675,Rio de Janeiro,MG
cust_58,u_cust_58,1161,Salvador,SP
cust_59,u_cust_59,5297,Belo Horizonte,RJ
cust_60,u_cust_60,1995,Belo Horizonte,BA
cust_61,u_cust_61,8629,Sao Paulo,RJ
cust_62,u_cust_62,2016,Salvador,SP
cust_63,u_cust_63,8869,Salvador,MG
cust_64,u_cust_64,7439,Rio de Janeiro,BA
cust_65,u_cust_65,8892,Salvador,SP
cust_66,u_cust_66,7863,Salvador,SP
cust_67,u_cust_67,8916,Sao Paulo,MG
cust_68,u_cust_68,9529,Salvador,MG
cust_69,u_cust_69,1878,Belo Horizonte,RJ
cust_70,u_cust_70,5887,Sao Paulo,BA
cust_71,u_cust_71,5859,Sao Paulo,BA
cust_72,u_cust_72,7331,Rio de Janeiro,MG
cust_73,u_cust_73,9571,Salvador,RJ
cust_74,u_cust_74,9684,Rio de Janeiro,BA
cust_75,u_cust_75,8208,Belo Horizonte,MG
cust_76,u_cust_76,6276,Sao Paulo,SP
cust_77,u_cust_77,3062,Sao Paulo,BA
cust_78,u_cust_78,1064,Sao Paulo,RJ
cust_79,u_cust_79,9006,Belo Horizonte,RJ
cust_80,u_cust_80,3568,Belo Horizonte,RJ
cust_81,u_cust_81,6463,Rio de Janeiro,SP
cust_82,u_cust_82,3027,Rio de Janeiro,BA
cust_83,u_cust_83,3695,Rio de Janeiro,BA
cust_84,u_cust_84,6258,Salvador,SP
cust_85,u_cust_85,6618,Sao Paulo,BA
cust_86,u_cust_86,7736,Sao Paulo,SP
cust_87,u_cust_87,1391,Rio de Janeiro,SP
cust_88,u_cust_88,6892,Sao Paulo,SP
cust_89,u_cust_89,4561,Rio de Janeiro,RJ
cust_90,u_cust_90,7184,Salvador,BA
cust_91,u_cust_91,4099,Salvador,SP
cust_92,u_cust_92,7278,Belo Horizonte,BA
cust_93,u_cust_93,9392,Salvador,RJ
cust_94,u_cust_94,4104,Rio de Janeiro,SP
cust_95,u_cust_95,8215,Salvador,MG
cust_96,u_cust_96,3454,Belo Horizonte,RJ
cust_97,u_cust_97,9996,Sao Paulo,MG
cust_98,u_cust_98,3731,Rio de Janeiro,BA
cust_99,u_cust_99,9154,Sao Paulo,BA
cust_100,u_cust_100,6056,Belo Horizonte,RJ
cust_101,u_cust_101,9110,Belo Horizonte,BA
cust_102,u_cust_102,4840,Belo Horizonte,MG
cust_103,u_cust_103,2028,Sao Paulo,SP
cust_104,u_cust_104,8385,Sao Paulo,SP
cust_105,u_cust_105,1502,Sao Paulo,SP
cust_106,u_cust_106,7910,Sao Paulo,RJ
cust_107,u_cust_107,7938,Belo Horizonte,BA
cust_108,u_cust_108,5488,Belo Horizonte,MG
cust_109,u_cust_109,1206,Rio de Janeiro,BA
cust_110,u_cust_110,6134,Rio de Janeiro,BA
cust_111,u_cust_111,6977,Sao Paulo,BA
cust_112,u_cust_112,8721,Salvador,SP
cust_113,u_cust_113,8035,Salvador,MG
cust_114,u_cust_114,2484,Belo Horizonte,MG
cust_115,u_cust_115,8858,Belo Horizonte,BA
cust_116,u_cust_116,1863,Belo Horizonte,SP
cust_117,u_cust_117,3790,Rio de Janeiro,SP
cust_118,u_cust_118,8408,Rio de Janeiro,MG
cust_119,u_cust_119,9755,Belo Horizonte,SP
cust_120,u_cust_120,6116,Belo Horizonte,SP
cust_121,u_cust_121,7019,Belo Horizonte,SP
cust_122,u_cust_122,2757,Salvador,RJ
cust_123,u_cust_123,8574,Rio de Janeiro,BA
cust_124,u_cust_124,7374,Salvador,MG
cust_125,u_cust_125,7892,Salvador,MG
cust_126,u_cust_126,2678,Belo Horizonte,RJ
cust_127,u_cust_127,4242,Belo Horizonte,BA
cust_128,u_cust_128,5636,Sao Paulo,MG
cust_129,u_cust_129,2059,Sao Paulo,SP
cust_130,u_cust_130,7668,Salvador,MG
cust_131,u_cust_131,4157,Rio de Janeiro,SP
cust_132,u_cust_132,6915,Belo Horizonte,RJ
cust_133,u_cust_133,3693,Belo Horizonte,SP
cust_134,u_cust_134,4627,Salvador,MG
cust_135,u_cust_135,6450,Sao Paulo,MG
cust_136,u_cust_136,2663,Rio de Janeiro,MG
cust_137,u_cust_137,6592,Sao Paulo,RJ
cust_138,u_cust_138,8392,Sao Paulo,RJ
cust_139,u_cust_139,2306,Sao Paulo,BA
cust_140,u_cust_140,7776,Sao Paulo,MG
cust_141,u_cust_141,6864,Belo Horizonte,SP
cust_142,u_cust_142,8526,Belo Horizonte,RJ
cust_143,u_cust_143,9901,Sao Paulo,MG
cust_144,u_cust_144,6575,Rio de Janeiro,MG
cust_145,u_cust_145,6530,Salvador,RJ
cust_146,u_cust_146,5413,Rio de Janeiro,BA
cust_147,u_cust_147,4748,Rio de Janeiro,RJ
cust_148,u_cust_148,1663,Rio de Janeiro,RJ
cust_149,u_cust_149,2998,Sao Paulo,SP
cust_150,u_cust_150,8994,Belo Horizonte,SP
cust_151,u_cust_151,2495,Rio de Janeiro,BA
cust_152,u_cust_152,4304,Sao Paulo,MG
cust_153,u_cust_153,4763,Rio de Janeiro,RJ
cust_154,u_cust_154,6232,Rio de Janeiro,BA
cust_155,u_cust_155,2853,Sao Paulo,SP
cust_156,u_cust_156,7585,Belo Horizonte,RJ
cust_157,u_cust_157,2291,Belo Horizonte,MG
cust_158,u_cust_158,4581,Salvador,SP
cust_159,u_cust_159,8554,Sao Paulo,SP
cust_160,u_cust_160,8280,Salvador,SP
cust_161,u_cust_161,2636,Salvador,BA
cust_162,u_cust_162,4696,Salvador,MG
cust_163,u_cust_163,1698,Belo Horizonte,RJ
cust_164,u_cust_164,5737,Sao Paulo,BA
cust_165,u_cust_165,1854,Salvador,BA
cust_166,u_cust_166,9164,Sao Paulo,BA
cust_167,u_cust_167,6855,Sao Paulo,SP
cust_168,u_cust_168,8392,Belo Horizonte,MG
cust_169,u_cust_169,7528,Salvador,BA
cust_170,u_cust_170,6249,Salvador,RJ
cust_171,u_cust_171,6172,Sao Paulo,MG
cust_172,u_cust_172,2707,Rio de Janeiro,RJ
cust_173,u_cust_173,6791,Belo Horizonte,MG
cust_174,u_cust_174,6535,Belo Horizonte,RJ
cust_175,u_cust_175,5931,Belo Horizonte,SP
cust_176,u_cust_176,4510,Belo Horizonte,BA
cust_177,u_cust_177,1202,Salvador,RJ
cust_178,u_cust_178,5218,Salvador,MG
cust_179,u_cust_179,9958,Rio de Janeiro,BA
cust_180,u_cust_180,5389,Belo Horizonte,BA
cust_181,u_cust_181,3327,Belo Horizonte,MG
cust_182,u_cust_182,9004,Sao Paulo,RJ
cust_183,u_cust_183,3931,Salvador,SP
cust_184,u_cust_184,8777,Belo Horizonte,SP
cust_185,u_cust_185,1197,Rio de Janeiro,RJ
cust_186,u_cust_186,8125,Rio de Janeiro,BA
cust_187,u_cust_187,2930,Salvador,BA
cust_188,u_cust_188,7287,Rio de Janeiro,BA
cust_189,u_cust_189,9800,Rio de Janeiro,BA
cust_190,u_cust_190,5282,Salvador,RJ
cust_191,u_cust_191,3511,Belo Horizonte,BA
cust_192,u_cust_192,1659,Belo Horizonte,MG
cust_193,u_cust_193,3811,Rio de Janeiro,BA
cust_194,u_cust_194,8098,Rio de Janeiro,SP
cust_195,u_cust_195,7546,Belo Horizonte,BA
cust_196,u_cust_196,2986,Salvador,RJ
cust_197,u_cust_197,9338,Rio de Janeiro,SP
cust_198,u_cust_198,3911,Sao Paulo,RJ
cust_199,u_cust_199,2734,Salvador,RJ
cust_200,u_cust_200,2843,Rio de Janeiro,SP
cust_201,u_cust_201,9680,Rio de Janeiro,RJ
cust_202,u_cust_202,3976,Sao Paulo,RJ
cust_203,u_cust_203,2959,Sao Paulo,BA
cust_204,u_cust_204,6759,Belo Horizonte,MG
cust_205,u_cust_205,7694,Salvador,RJ
cust_206,u_cust_206,3385,Salvador,RJ
cust_207,u_cust_207,5736,Belo Horizonte,RJ
cust_208,u_cust_208,2802,Salvador,BA
cust_209,u_cust_209,9155,Salvador,MG
cust_210,u_cust_210,9120,Salvador,SP
cust_211,u_cust_211,7616,Salvador,BA
cust_212,u_cust_212,6534,Salvador,BA
cust_213,u_cust_213,5061,Sao Paulo,MG
cust_214,u_cust_214,1262,Salvador,MG
cust_215,u_cust_215,7287,Sao Paulo,BA
cust_216,u_cust_216,9815,Salvador,SP
cust_217,u_cust_217,3049,Belo Horizonte,BA
cust_218,u_cust_218,6423,Rio de Janeiro,MG
cust_219,u_cust_219,5548,Sao Paulo,SP
cust_220,u_cust_220,4108,Salvador,MG
cust_221,u_cust_221,8158,Belo Horizonte,SP
cust_222,u_cust_222,8400,Rio de Janeiro,RJ
cust_223,u_cust_223,4170,Sao Paulo,MG
cust_224,u_cust_224,3255,Rio de Janeiro,MG
cust_225,u_cust_225,2154,Belo Horizonte,BA
cust_226,u_cust_226,5499,Sao Paulo,MG
cust_227,u_cust_227,7295,Rio de Janeiro,MG
cust_228,u_cust_228,7197,Salvador,RJ
cust_229,u_cust_229,2648,Sao Paulo,MG
cust_230,u_cust_230,6539,Rio de Janeiro,RJ
cust_231,u_cust_231,5199,Belo Horizonte,RJ
cust_232,u_cust_232,9445,Belo Horizonte,RJ
cust_233,u_cust_233,3557,Sao Paulo,RJ
cust_234,u_cust_234,6592,Rio de Janeiro,SP
cust_235,u_cust_235,1098,Sao Paulo,BA
cust_236,u_cust_236,3200,Sao Paulo,SP
cust_237,u_cust_237,3961,Rio de Janeiro,MG
cust_238,u_cust_238,5973,Rio de Janeiro,SP
cust_239,u_cust_239,5433,Salvador,SP
cust_240,u_cust_240,3869,Rio de Janeiro,MG
cust_241,u_cust_241,1956,Belo Horizonte,MG
cust_242,u_cust_242,9352,Sao Paulo,MG
cust_243,u_cust_243,6699,Sao Paulo,SP
cust_244,u_cust_244,7944,Belo Horizonte,SP
cust_245,u_cust_245,5493,Rio de Janeiro,MG
cust_246,u_cust_246,5911,Belo Horizonte,BA
cust_247,u_cust_247,4987,Belo Horizonte,BA
cust_248,u_cust_248,7015,Salvador,RJ
cust_249,u_cust_249,2218,Belo Horizonte,MG
cust_250,u_cust_250,5496,Sao Paulo,RJ
cust_251,u_cust_251,5735,Belo Horizonte,BA
cust_252,u_cust_252,5555,Sao Paulo,RJ
cust_253,u_cust_253,9050,Sao Paulo,MG
cust_254,u_cust_254,4446,Sao Paulo,MG
cust_255,u_cust_255,2045,Rio de Janeiro,MG
cust_256,u_cust_256,7893,Salvador,SP
cust_257,u_cust_257,2693,Sao Paulo,RJ
cust_258,u_cust_258,4436,Sao Paulo,BA
cust_259,u_cust_259,9754,Rio de Janeiro,BA
cust_260,u_cust_260,6895,Sao Paulo,BA
cust_261,u_cust_261,4354,Belo Horizonte,SP
cust_262,u_cust_262,1225,Belo Horizonte,SP
cust_263,u_cust_263,5893,Salvador,MG
cust_264,u_cust_264,8022,Sao Paulo,BA
cust_265,u_cust_265,6600,Rio de Janeiro,SP
cust_266,u_cust_266,8996,Belo Horizonte,MG
cust_267,u_cust_267,8683,Rio de Janeiro,BA
cust_268,u_cust_268,5642,Rio de Janeiro,RJ
cust_269,u_cust_269,8679,Belo Horizonte,MG
cust_270,u_cust_270,9208,Rio de Janeiro,SP
cust_271,u_cust_271,8339,Belo Horizonte,SP
cust_272,u_cust_272,3205,Rio de Janeiro,MG
cust_273,u_cust_273,2069,Belo Horizonte,MG
cust_274,u_cust_274,4444,Sao Paulo,SP
cust_275,u_cust_275,2060,Salvador,RJ
cust_276,u_cust_276,3327,Belo Horizonte,BA
cust_277,u_cust_277,4420,Belo Horizonte,RJ
cust_278,u_cust_278,1301,Salvador,MG
cust_279,u_cust_279,1606,Belo Horizonte,RJ
cust_280,u_cust_280,4170,Belo Horizonte,SP
cust_281,u_cust_281,1699,Rio de Janeiro,MG
cust_282,u_cust_282,6088,Salvador,BA
cust_283,u_cust_283,1190,Sao Paulo,SP
cust_284,u_cust_284,1980,Belo Horizonte,SP
cust_285,u_cust_285,3975,Salvador,BA
cust_286,u_cust_286,7102,Rio de Janeiro,BA
cust_287,u_cust_287,2184,Sao Paulo,RJ
cust_288,u_cust_288,4327,Salvador,MG
cust_289,u_cust_289,4394,Sao Paulo,BA
cust_290,u_cust_290,9319,Sao Paulo,BA
cust_291,u_cust_291,2816,Sao Paulo,MG
cust_292,u_cust_292,6854,Belo Horizonte,BA
cust_293,u_cust_293,7709,Belo Horizonte,BA
cust_294,u_cust_294,1569,Rio de Janeiro,RJ
cust_295,u_cust_295,6442,Rio de Janeiro,SP
cust_296,u_cust_296,2895,Salvador,SP
cust_297,u_cust_297,3733,Rio de Janeiro,SP
cust_298,u_cust_298,4863,Sao Paulo,SP
cust_299,u_cust_299,8455,Sao Paulo,BA
cust_300,u_cust_300,5014,Belo Horizonte,MG
cust_301,u_cust_301,2686,Sao Paulo,MG
cust_302,u_cust_302,4009,Salvador,RJ
cust_303,u_cust_303,8806,Sao Paulo,RJ
cust_304,u_cust_304,1154,Sao Paulo,BA
cust_305,u_cust_305,2409,Salvador,MG
cust_306,u_cust_306,1784,Rio de Janeiro,MG
cust_307,u_cust_307,9096,Rio de Janeiro,SP
cust_308,u_cust_308,8560,Salvador,BA
cust_309,u_cust_309,8343,Belo Horizonte,BA
cust_310,u_cust_310,8206,Sao Paulo,SP
cust_311,u_cust_311,6596,Salvador,BA
cust_312,u_cust_312,6801,Sao Paulo,BA
cust_313,u_cust_313,3806,Belo Horizonte,RJ
cust_314,u_cust_314,1537,Sao Paulo,MG
cust_315,u_cust_315,6986,Salvador,BA
cust_316,u_cust_316,2841,Sao Paulo,RJ
cust_317,u_cust_317,9716,Rio de Janeiro,MG
cust_318,u_cust_318,7971,Belo Horizonte,SP
cust_319,u_cust_319,6625,Belo Horizonte,RJ
cust_320,u_cust_320,3950,Belo Horizonte,RJ
cust_321,u_cust_321,8992,Salvador,MG
cust_322,u_cust_322,5780,Belo Horizonte,SP
cust_323,u_cust_323,3368,Rio de Janeiro,RJ
cust_324,u_cust_324,7655,Salvador,BA
cust_325,u_cust_325,9173,Rio de Janeiro,BA
cust_326,u_cust_326,5495,Sao Paulo,BA
cust_327,u_cust_327,7002,Sao Paulo,SP
cust_328,u_cust_328,7614,Sao Paulo,RJ
cust_329,u_cust_329,6919,Sao Paulo,BA
cust_330,u_cust_330,1853,Rio de Janeiro,SP
cust_331,u_cust_331,5146,Salvador,BA
cust_332,u_cust_332,4769,Salvador,MG
cust_333,u_cust_333,1574,Belo Horizonte,RJ
cust_334,u_cust_334,2148,Rio de Janeiro,RJ
cust_335,u_cust_335,7293,Sao Paulo,SP
cust_336,u_cust_336,7457,Rio de Janeiro,SP
cust_337,u_cust_337,8509,Belo Horizonte,RJ
cust_338,u_cust_338,5777,Belo Horizonte,BA
cust_339,u_cust_339,4854,Rio de Janeiro,BA
cust_340,u_cust_340,3491,Rio de Janeiro,MG
cust_341,u_cust_341,4124,Rio de Janeiro,BA
cust_342,u_cust_342,6691,Salvador,SP
cust_343,u_cust_343,4051,Sao Paulo,SP
cust_344,u_cust_344,1004,Rio de Janeiro,BA
cust_345,u_cust_345,6222,Rio de Janeiro,SP
cust_346,u_cust_346,6315,Rio de Janeiro,RJ
cust_347,u_cust_347,5869,Belo Horizonte,RJ
cust_348,u_cust_348,1876,Belo Horizonte,BA
cust_349,u_cust_349,8027,Salvador,RJ
cust_350,u_cust_350,5142,Sao Paulo,RJ
cust_351,u_cust_351,7966,Salvador,MG
cust_352,u_cust_352,8079,Sao Paulo,MG
cust_353,u_cust_353,8987,Belo Horizonte,RJ
cust_354,u_cust_354,7799,Belo Horizonte,BA
cust_355,u_cust_355,5465,Belo Horizonte,MG
cust_356,u_cust_356,1635,Salvador,SP
cust_357,u_cust_357,2693,Rio de Janeiro,SP
cust_358,u_cust_358,5752,Rio de Janeiro,SP
cust_359,u_cust_359,9311,Belo Horizonte,BA
cust_360,u_cust_360,1830,Rio de Janeiro,RJ
cust_361,u_cust_361,6177,Rio de Janeiro,SP
cust_362,u_cust_362,9932,Salvador,BA
cust_363,u_cust_363,9308,Sao Paulo,MG
cust_364,u_cust_364,6949,Belo Horizonte,RJ
cust_365,u_cust_365,3838,Belo Horizonte,MG
cust_366,u_cust_366,2150,Salvador,BA
cust_367,u_cust_367,8560,Salvador,SP
cust_368,u_cust_368,2931,Rio de Janeiro,SP
cust_369,u_cust_369,2664,Belo Horizonte,BA
cust_370,u_cust_370,2081,Sao Paulo,SP
cust_371,u_cust_371,1512,Salvador,RJ
cust_372,u_cust_372,8805,Sao Paulo,BA
cust_373,u_cust_373,6237,Sao Paulo,MG
cust_374,u_cust_374,1559,Belo Horizonte,BA
cust_375,u_cust_375,4672,Belo Horizonte,RJ
cust_376,u_cust_376,8404,Salvador,RJ
cust_377,u_cust_377,4343,Belo Horizonte,BA
cust_378,u_cust_378,5070,Belo Horizonte,BA
cust_379,u_cust_379,1580,Belo Horizonte,SP
cust_380,u_cust_380,8004,Sao Paulo,RJ
cust_381,u_cust_381,9130,Salvador,BA
cust_382,u_cust_382,4147,Rio de Janeiro,BA
cust_383,u_cust_383,5249,Sao Paulo,RJ
cust_384,u_cust_384,2679,Belo Horizonte,BA
cust_385,u_cust_385,4506,Sao Paulo,SP
cust_386,u_cust_386,8253,Belo Horizonte,RJ
cust_387,u_cust_387,3744,Belo Horizonte,SP
cust_388,u_cust_388,6188,Sao Paulo,SP
cust_389,u_cust_389,3141,Salvador,SP
cust_390,u_cust_390,7617,Belo Horizonte,SP
cust_391,u_cust_391,3479,Salvador,RJ
cust_392,u_cust_392,7484,Rio de Janeiro,SP
cust_393,u_cust_393,8421,Belo Horizonte,SP
cust_394,u_cust_394,5452,Salvador,BA
cust_395,u_cust_395,6881,Salvador,RJ
cust_396,u_cust_396,7665,Rio de Janeiro,RJ
cust_397,u_cust_397,3849,Salvador,MG
cust_398,u_cust_398,8390,Salvador,RJ
cust_399,u_cust_399,7905,Rio de Janeiro,RJ
cust_400,u_cust_400,3489,Belo Horizonte,MG
cust_401,u_cust_401,5611,Salvador,RJ
cust_402,u_cust_402,3839,Salvador,RJ
cust_403,u_cust_403,9527,Salvador,RJ
cust_404,u_cust_404,6878,Sao Paulo,RJ
cust_405,u_cust_405,7303,Rio de Janeiro,MG
cust_406,u_cust_406,1851,Sao Paulo,RJ
cust_407,u_cust_407,2687,Rio de Janeiro,RJ
cust_408,u_cust_408,7833,Belo Horizonte,MG
cust_409,u_cust_409,3427,Belo Horizonte,BA
cust_410,u_cust_410,5000,Salvador,SP
cust_411,u_cust_411,6052,Rio de Janeiro,BA
cust_412,u_cust_412,3738,Belo Horizonte,MG
cust_413,u_cust_413,6732,Rio de Janeiro,SP
cust_414,u_cust_414,6387,Belo Horizonte,MG
cust_415,u_cust_415,9002,Sao Paulo,MG
cust_416,u_cust_416,6536,Belo Horizonte,RJ
cust_417,u_cust_417,4913,Sao Paulo,SP
cust_418,u_cust_418,2066,Belo Horizonte,RJ
cust_419,u_cust_419,8723,Salvador,SP
cust_420,u_cust_420,5380,Sao Paulo,MG
cust_421,u_cust_421,5107,Belo Horizonte,MG
cust_422,u_cust_422,6726,Salvador,BA
cust_423,u_cust_423,4373,Sao Paulo,SP
cust_424,u_cust_424,9945,Salvador,RJ
cust_425,u_cust_425,3082,Rio de Janeiro,BA
cust_426,u_cust_426,9967,Rio de Janeiro,BA
cust_427,u_cust_427,7748,Sao Paulo,BA
cust_428,u_cust_428,1417,Belo Horizonte,RJ
cust_429,u_cust_429,9306,Sao Paulo,BA
cust_430,u_cust_430,9808,Salvador,RJ
cust_431,u_cust_431,4974,Belo Horizonte,BA
cust_432,u_cust_432,4267,Rio de Janeiro,RJ
cust_433,u_cust_433,1825,Belo Horizonte,MG
cust_434,u_cust_434,8668,Rio de Janeiro,MG
cust_435,u_cust_435,6745,Belo Horizonte,MG
cust_436,u_cust_436,1412,Belo Horizonte,MG
cust_437,u_cust_437,8543,Belo Horizonte,MG
cust_438,u_cust_438,8587,Salvador,BA
cust_439,u_cust_439,1728,Salvador,BA
cust_440,u_cust_440,8164,Sao Paulo,BA
cust_441,u_cust_441,9867,Sao Paulo,RJ
cust_442,u_cust_442,6988,Rio de Janeiro,RJ
cust_443,u_cust_443,3504,Salvador,RJ
cust_444,u_cust_444,3967,Rio de Janeiro,RJ
cust_445,u_cust_445,3786,Sao Paulo,MG
cust_446,u_cust_446,2122,Rio de Janeiro,MG
cust_447,u_cust_447,5079,Sao Paulo,MG
cust_448,u_cust_448,2571,Salvador,SP
cust_449,u_cust_449,6073,Belo Horizonte,BA
cust_450,u_cust_450,6104,Salvador,RJ
cust_451,u_cust_451,3143,Rio de Janeiro,RJ
cust_452,u_cust_452,7806,Rio de Janeiro,MG
cust_453,u_cust_453,8357,Salvador,RJ
cust_454,u_cust_454,4440,Salvador,RJ
cust_455,u_cust_455,4766,Sao Paulo,BA
cust_456,u_cust_456,6644,Rio de Janeiro,MG
cust_457,u_cust_457,3914,Rio de Janeiro,BA
cust_458,u_cust_458,5968,Salvador,SP
cust_459,u_cust_459,6917,Belo Horizonte,SP
cust_460,u_cust_460,9787,Rio de Janeiro,SP
cust_461,u_cust_461,1728,Belo Horizonte,MG
cust_462,u_cust_462,2365,Salvador,RJ
cust_463,u_cust_463,5492,Salvador,MG
cust_464,u_cust_464,1698,Sao Paulo,MG
cust_465,u_cust_465,8186,Rio de Janeiro,RJ
cust_466,u_cust_466,1395,Belo Horizonte,BA
cust_467,u_cust_467,8400,Sao Paulo,SP
cust_468,u_cust_468,9082,Rio de Janeiro,BA
cust_469,u_cust_469,5171,Sao Paulo,SP
cust_470,u_cust_470,5360,Salvador,MG
cust_471,u_cust_471,3502,Rio de Janeiro,SP
cust_472,u_cust_472,1717,Sao Paulo,MG
cust_473,u_cust_473,3782,Sao Paulo,BA
cust_474,u_cust_474,5946,Belo Horizonte,MG
cust_475,u_cust_475,6486,Sao Paulo,BA
cust_476,u_cust_476,9335,Rio de Janeiro,RJ
cust_477,u_cust_477,5980,Rio de Janeiro,RJ
cust_478,u_cust_478,8266,Belo Horizonte,RJ
cust_479,u_cust_479,5491,Rio de Janeiro,MG
cust_480,u_cust_480,8192,Salvador,RJ
cust_481,u_cust_481,6588,Rio de Janeiro,SP
cust_482,u_cust_482,8651,Rio de Janeiro,BA
cust_483,u_cust_483,4636,Sao Paulo,BA
cust_484,u_cust_484,2167,Sao Paulo,SP
cust_485,u_cust_485,2062,Rio de Janeiro,MG
cust_486,u_cust_486,3156,Belo Horizonte,MG
cust_487,u_cust_487,8860,Sao Paulo,BA
cust_488,u_cust_488,6161,Belo Horizonte,RJ
cust_489,u_cust_489,6305,Rio de Janeiro,MG
cust_490,u_cust_490,7541,Rio de Janeiro,MG
cust_491,u_cust_491,5729,Salvador,SP
cust_492,u_cust_492,8330,Sao Paulo,SP
cust_493,u_cust_493,6334,Rio de Janeiro,RJ
cust_494,u_cust_494,9924,Salvador,MG
cust_495,u_cust_495,5330,Sao Paulo,MG
cust_496,u_cust_496,9010,Rio de Janeiro,SP
cust_497,u_cust_497,7801,Rio de Janeiro,MG
cust_498,u_cust_498,5846,Sao Paulo,BA
cust_499,u_cust_499,7731,Sao Paulo,SP
cust_500,u_cust_500,8241,Sao Paulo,RJ
cust_501,u_cust_501,1953,Rio de Janeiro,SP
cust_502,u_cust_502,3539,Rio de Janeiro,MG
cust_503,u_cust_503,8056,Salvador,RJ
cust_504,u_cust_504,2542,Belo Horizonte,SP
cust_505,u_cust_505,6293,Sao Paulo,BA
cust_506,u_cust_506,2191,Rio de Janeiro,BA
cust_507,u_cust_507,7313,Rio de Janeiro,SP
cust_508,u_cust_508,7938,Sao Paulo,BA
cust_509,u_cust_509,3681,Belo Horizonte,BA
cust_510,u_cust_510,2540,Sao Paulo,BA
cust_511,u_cust_511,7172,Belo Horizonte,RJ
cust_512,u_cust_512,6541,Rio de Janeiro,BA
cust_513,u_cust_513,2365,Belo Horizonte,BA
cust_514,u_cust_514,9691,Salvador,BA
cust_515,u_cust_515,9702,Rio de Janeiro,RJ
cust_516,u_cust_516,8494,Salvador,SP
cust_517,u_cust_517,5312,Sao Paulo,MG
cust_518,u_cust_518,2324,Sao Paulo,BA
cust_519,u_cust_519,4141,Sao Paulo,SP
cust_520,u_cust_520,8419,Belo Horizonte,BA
cust_521,u_cust_521,4486,Rio de Janeiro,RJ
cust_522,u_cust_522,2810,Sao Paulo,SP
cust_523,u_cust_523,7588,Sao Paulo,RJ
cust_524,u_cust_524,3923,Rio de Janeiro,BA
cust_525,u_cust_525,6301,Sao Paulo,BA
cust_526,u_cust_526,5186,Salvador,RJ
cust_527,u_cust_527,9905,Rio de Janeiro,MG
cust_528,u_cust_528,6977,Rio de Janeiro,RJ
cust_529,u_cust_529,5268,Rio de Janeiro,BA
cust_530,u_cust_530,5748,Salvador,RJ
cust_531,u_cust_531,5849,Rio de Janeiro,MG
cust_532,u_cust_532,4709,Salvador,RJ
cust_533,u_cust_533,7619,Rio de Janeiro,MG
cust_534,u_cust_534,9647,Belo Horizonte,MG
cust_535,u_cust_535,4072,Sao Paulo,RJ
cust_536,u_cust_536,7530,Belo Horizonte,RJ
cust_537,u_cust_537,1504,Sao Paulo,SP
cust_538,u_cust_538,2214,Salvador,BA
cust_539,u_cust_539,2531,Belo Horizonte,MG
cust_540,u_cust_540,8576,Rio de Janeiro,SP
cust_541,u_cust_541,1823,Sao Paulo,RJ
cust_542,u_cust_542,1928,Sao Paulo,BA
cust_543,u_cust_543,6029,Belo Horizonte,SP
cust_544,u_cust_544,1133,Salvador,MG
cust_545,u_cust_545,3105,Belo Horizonte,SP
cust_546,u_cust_546,4627,Salvador,MG
cust_547,u_cust_547,7316,Salvador,RJ
cust_548,u_cust_548,2852,Sao Paulo,BA
cust_549,u_cust_549,5910,Belo Horizonte,BA
cust_550,u_cust_550,5175,Belo Horizonte,BA
cust_551,u_cust_551,6348,Salvador,RJ
cust_552,u_cust_552,7190,Belo Horizonte,MG
cust_553,u_cust_553,2256,Rio de Janeiro,RJ
cust_554,u_cust_554,4376,Rio de Janeiro,BA
cust_555,u_cust_555,6645,Belo Horizonte,RJ
cust_556,u_cust_556,4486,Belo Horizonte,RJ
cust_557,u_cust_557,4584,Salvador,RJ
cust_558,u_cust_558,9053,Rio de Janeiro,MG
cust_559,u_cust_559,4330,Rio de Janeiro,SP
cust_560,u_cust_560,3703,Sao Paulo,SP
cust_561,u_cust_561,9662,Salvador,RJ
cust_562,u_cust_562,9120,Sao Paulo,SP
cust_563,u_cust_563,8114,Rio de Janeiro,SP
cust_564,u_cust_564,2353,Salvador,RJ
cust_565,u_cust_565,6063,Belo Horizonte,RJ
cust_566,u_cust_566,9549,Salvador,BA
cust_567,u_cust_567,8575,Belo Horizonte,SP
cust_568,u_cust_568,1667,Belo Horizonte,MG
cust_569,u_cust_569,5468,Salvador,RJ
cust_570,u_cust_570,7819,Belo Horizonte,BA
cust_571,u_cust_571,4719,Sao Paulo,MG
cust_572,u_cust_572,3745,Rio de Janeiro,SP
cust_573,u_cust_573,8483,Belo Horizonte,BA
cust_574,u_cust_574,1539,Sao Paulo,RJ
cust_575,u_cust_575,5964,Belo Horizonte,MG
cust_576,u_cust_576,5835,Rio de Janeiro,RJ
cust_577,u_cust_577,4775,Sao Paulo,SP
cust_578,u_cust_578,7042,Rio de Janeiro,MG
cust_579,u_cust_579,8102,Rio de Janeiro,SP
cust_580,u_cust_580,8312,Sao Paulo,SP
cust_581,u_cust_581,6320,Sao Paulo,BA
cust_582,u_cust_582,7132,Sao Paulo,RJ
cust_583,u_cust_583,8891,Salvador,MG
cust_584,u_cust_584,3779,Sao Paulo,SP
cust_585,u_cust_585,1924,Sao Paulo,SP
cust_586,u_cust_586,2581,Sao Paulo,MG
cust_587,u_cust_587,8714,Sao Paulo,SP
cust_588,u_cust_588,4324,Belo Horizonte,BA
cust_589,u_cust_589,6713,Salvador,BA
cust_590,u_cust_590,8026,Rio de Janeiro,BA
cust_591,u_cust_591,1255,Sao Paulo,BA
cust_592,u_cust_592,5804,Belo Horizonte,SP
cust_593,u_cust_593,2838,Belo Horizonte,MG
cust_594,u_cust_594,1009,Belo Horizonte,MG
cust_595,u_cust_595,3871,Rio de Janeiro,MG
cust_596,u_cust_596,9989,Sao Paulo,MG
cust_597,u_cust_597,8409,Salvador,RJ
cust_598,u_cust_598,8418,Salvador,MG
cust_599,u_cust_599,6124,Belo Horizonte,RJ
cust_600,u_cust_600,2015,Rio de Janeiro,RJ
cust_601,u_cust_601,3193,Rio de Janeiro,BA
cust_602,u_cust_602,9415,Rio de Janeiro,RJ
cust_603,u_cust_603,8449,Salvador,SP
cust_604,u_cust_604,5158,Belo Horizonte,RJ
cust_605,u_cust_605,4925,Sao Paulo,BA
cust_606,u_cust_606,7970,Salvador,RJ
cust_607,u_cust_607,7938,Belo Horizonte,SP
cust_608,u_cust_608,5784,Belo Horizonte,SP
cust_609,u_cust_609,5000,Sao Paulo,SP
cust_610,u_cust_610,2633,Sao Paulo,BA
cust_611,u_cust_611,8266,Sao Paulo,BA
cust_612,u_cust_612,9702,Rio de Janeiro,MG
cust_613,u_cust_613,1384,Sao Paulo,BA
cust_614,u_cust_614,1404,Belo Horizonte,SP
cust_615,u_cust_615,9175,Sao Paulo,SP
cust_616,u_cust_616,3000,Belo Horizonte,BA
cust_617,u_cust_617,6989,Salvador,RJ
cust_618,u_cust_618,2460,Rio de Janeiro,BA
cust_619,u_cust_619,8190,Salvador,BA
cust_620,u_cust_620,8140,Salvador,SP
cust_621,u_cust_621,4636,Belo Horizonte,MG
cust_622,u_cust_622,5809,Salvador,SP
cust_623,u_cust_623,5178,Belo Horizonte,MG
cust_624,u_cust_624,8245,Sao Paulo,SP
cust_625,u_cust_625,7600,Sao Paulo,BA
cust_626,u_cust_626,6997,Belo Horizonte,SP
cust_627,u_cust_627,3048,Sao Paulo,SP
cust_628,u_cust_628,5780,Rio de Janeiro,SP
cust_629,u_cust_629,1716,Salvador,BA
cust_630,u_cust_630,8939,Rio de Janeiro,BA
cust_631,u_cust_631,6565,Salvador,BA
cust_632,u_cust_632,5544,Sao Paulo,BA
cust_633,u_cust_633,5976,Rio de Janeiro,MG
cust_634,u_cust_634,4419,Sao Paulo,MG
cust_635,u_cust_635,8239,Salvador,RJ
cust_636,u_cust_636,1249,Belo Horizonte,BA
cust_637,u_cust_637,9865,Belo Horizonte,MG
cust_638,u_cust_638,1770,Rio de Janeiro,SP
cust_639,u_cust_639,5363,Sao Paulo,BA
cust_640,u_cust_640,2077,Sao Paulo,RJ
cust_641,u_cust_641,9427,Rio de Janeiro,RJ
cust_642,u_cust_642,9580,Belo Horizonte,RJ
cust_643,u_cust_643,8901,Salvador,SP
cust_644,u_cust_644,5858,Rio de Janeiro,MG
cust_645,u_cust_645,7544,Salvador,SP
cust_646,u_cust_646,5719,Belo Horizonte,BA
cust_647,u_cust_647,3814,Sao Paulo,RJ
cust_648,u_cust_648,4374,Belo Horizonte,SP
cust_649,u_cust_649,2252,Rio de Janeiro,SP
cust_650,u_cust_650,7996,Sao Paulo,MG
cust_651,u_cust_651,5673,Rio de Janeiro,MG
cust_652,u_cust_652,5530,Rio de Janeiro,RJ
cust_653,u_cust_653,7881,Belo Horizonte,SP
cust_654,u_cust_654,7949,Rio de Janeiro,SP
cust_655,u_cust_655,7241,Belo Horizonte,MG
cust_656,u_cust_656,9017,Sao Paulo,SP
cust_657,u_cust_657,7941,Belo Horizonte,SP
cust_658,u_cust_658,8002,Sao Paulo,SP
cust_659,u_cust_659,2331,Belo Horizonte,MG
cust_660,u_cust_660,5261,Salvador,RJ
cust_661,u_cust_661,8648,Salvador,BA
cust_662,u_cust_662,6115,Rio de Janeiro,RJ
cust_663,u_cust_663,5637,Belo Horizonte,BA
cust_664,u_cust_664,5854,Belo Horizonte,SP
cust_665,u_cust_665,4177,Sao Paulo,RJ
cust_666,u_cust_666,8730,Rio de Janeiro,BA
cust_667,u_cust_667,3180,Belo Horizonte,MG
cust_668,u_cust_668,5892,Rio de Janeiro,MG
cust_669,u_cust_669,8043,Salvador,RJ
cust_670,u_cust_670,1137,Belo Horizonte,RJ
cust_671,u_cust_671,7327,Belo Horizonte,SP
cust_672,u_cust_672,4472,Rio de Janeiro,RJ
cust_673,u_cust_673,6449,Belo Horizonte,SP
cust_674,u_cust_674,3832,Rio de Janeiro,SP
cust_675,u_cust_675,4579,Belo Horizonte,MG
cust_676,u_cust_676,6971,Sao Paulo,MG
cust_677,u_cust_677,5164,Rio de Janeiro,BA
cust_678,u_cust_678,8941,Belo Horizonte,MG
cust_679,u_cust_679,6569,Salvador,MG
cust_680,u_cust_680,5300,Belo Horizonte,RJ
cust_681,u_cust_681,7269,Salvador,MG
cust_682,u_cust_682,4818,Salvador,BA
cust_683,u_cust_683,2906,Sao Paulo,RJ
cust_684,u_cust_684,7254,Rio de Janeiro,BA
cust_685,u_cust_685,1760,Belo Horizonte,MG
cust_686,u_cust_686,8830,Sao Paulo,BA
cust_687,u_cust_687,8350,Belo Horizonte,RJ
cust_688,u_cust_688,7238,Salvador,SP
cust_689,u_cust_689,7090,Rio de Janeiro,BA
cust_690,u_cust_690,7031,Belo Horizonte,BA
cust_691,u_cust_691,8687,Belo Horizonte,RJ
cust_692,u_cust_692,9472,Salvador,RJ
cust_693,u_cust_693,2887,Belo Horizonte,BA
cust_694,u_cust_694,4266,Belo Horizonte,MG
cust_695,u_cust_695,1666,Salvador,BA
cust_696,u_cust_696,5188,Sao Paulo,RJ
cust_697,u_cust_697,1671,Salvador,SP
cust_698,u_cust_698,7777,Sao Paulo,SP
cust_699,u_cust_699,8570,Rio de Janeiro,MG
cust_700,u_cust_700,8956,Sao Paulo,BA
cust_701,u_cust_701,6124,Sao Paulo,SP
cust_702,u_cust_702,6585,Rio de Janeiro,BA
cust_703,u_cust_703,5777,Sao Paulo,RJ
cust_704,u_cust_704,4900,Salvador,SP
cust_705,u_cust_705,7677,Sao Paulo,MG
cust_706,u_cust_706,7981,Rio de Janeiro,RJ
cust_707,u_cust_707,7376,Salvador,MG
cust_708,u_cust_708,1523,Rio de Janeiro,RJ
cust_709,u_cust_709,3393,Rio de Janeiro,SP
cust_710,u_cust_710,3593,Belo Horizonte,MG
cust_711,u_cust_711,8240,Belo Horizonte,MG
cust_712,u_cust_712,7937,Rio de Janeiro,RJ
cust_713,u_cust_713,7190,Rio de Janeiro,MG
cust_714,u_cust_714,6240,Rio de Janeiro,RJ
cust_715,u_cust_715,7493,Belo Horizonte,RJ
cust_716,u_cust_716,3878,Belo Horizonte,RJ
cust_717,u_cust_717,5143,Sao Paulo,RJ
cust_718,u_cust_718,4644,Sao Paulo,SP
cust_719,u_cust_719,5432,Rio de Janeiro,RJ
cust_720,u_cust_720,2276,Salvador,BA
cust_721,u_cust_721,6811,Salvador,MG
cust_722,u_cust_722,1302,Belo Horizonte,BA
cust_723,u_cust_723,1638,Belo Horizonte,SP
cust_724,u_cust_724,1055,Belo Horizonte,BA
cust_725,u_cust_725,9717,Rio de Janeiro,MG
cust_726,u_cust_726,9150,Salvador,BA
cust_727,u_cust_727,3125,Sao Paulo,SP
cust_728,u_cust_728,1364,Rio de Janeiro,RJ
cust_729,u_cust_729,7809,Sao Paulo,BA
cust_730,u_cust_730,5621,Sao Paulo,SP
cust_731,u_cust_731,6126,Rio de Janeiro,SP
cust_732,u_cust_732,6122,Sao Paulo,MG
cust_733,u_cust_733,2646,Salvador,MG
cust_734,u_cust_734,1918,Sao Paulo,BA
cust_735,u_cust_735,3797,Salvador,RJ
cust_736,u_cust_736,7506,Salvador,SP
cust_737,u_cust_737,6870,Salvador,BA
cust_738,u_cust_738,2531,Belo Horizonte,SP
cust_739,u_cust_739,9172,Sao Paulo,SP
cust_740,u_cust_740,4345,Rio de Janeiro,RJ
cust_741,u_cust_741,8673,Rio de Janeiro,RJ
cust_742,u_cust_742,7949,Sao Paulo,BA
cust_743,u_cust_743,7882,Belo Horizonte,RJ
cust_744,u_cust_744,2906,Belo Horizonte,RJ
cust_745,u_cust_745,4086,Salvador,BA
cust_746,u_cust_746,9152,Sao Paulo,RJ
cust_747,u_cust_747,6750,Sao Paulo,MG
cust_748,u_cust_748,9905,Rio de Janeiro,SP
cust_749,u_cust_749,2062,Sao Paulo,SP
cust_750,u_cust_750,2976,Belo Horizonte,SP
cust_751,u_cust_751,2296,Sao Paulo,SP
cust_752,u_cust_752,7229,Rio de Janeiro,BA
cust_753,u_cust_753,8641,Salvador,SP
cust_754,u_cust_754,1125,Rio de Janeiro,SP
cust_755,u_cust_755,5632,Rio de Janeiro,SP
cust_756,u_cust_756,7288,Salvador,SP
cust_757,u_cust_757,4596,Rio de Janeiro,MG
cust_758,u_cust_758,7168,Rio de Janeiro,SP
cust_759,u_cust_759,8561,Sao Paulo,MG
cust_760,u_cust_760,9258,Sao Paulo,BA
cust_761,u_cust_761,1232,Salvador,RJ
cust_762,u_cust_762,7371,Sao Paulo,SP
cust_763,u_cust_763,5206,Sao Paulo,RJ
cust_764,u_cust_764,8943,Rio de Janeiro,RJ
cust_765,u_cust_765,7891,Belo Horizonte,BA
cust_766,u_cust_766,7738,Sao Paulo,RJ
cust_767,u_cust_767,3472,Belo Horizonte,MG
cust_768,u_cust_768,3739,Sao Paulo,RJ
cust_769,u_cust_769,6401,Sao Paulo,RJ
cust_770,u_cust_770,2761,Salvador,RJ
cust_771,u_cust_771,1876,Salvador,SP
cust_772,u_cust_772,4812,Salvador,SP
cust_773,u_cust_773,2460,Belo Horizonte,MG
cust_774,u_cust_774,2733,Rio de Janeiro,MG
cust_775,u_cust_775,2605,Sao Paulo,SP
cust_776,u_cust_776,6622,Sao Paulo,MG
cust_777,u_cust_777,7767,Sao Paulo,SP
cust_778,u_cust_778,7986,Belo Horizonte,BA
cust_779,u_cust_779,4517,Salvador,RJ
cust_780,u_cust_780,4735,Rio de Janeiro,RJ
cust_781,u_cust_781,9434,Belo Horizonte,MG
cust_782,u_cust_782,3590,Salvador,SP
cust_783,u_cust_783,2063,Belo Horizonte,SP
cust_784,u_cust_784,5324,Rio de Janeiro,MG
cust_785,u_cust_785,6342,Salvador,SP
cust_786,u_cust_786,1005,Belo Horizonte,BA
cust_787,u_cust_787,8489,Rio de Janeiro,RJ
cust_788,u_cust_788,9659,Sao Paulo,MG
cust_789,u_cust_789,9195,Rio de Janeiro,MG
cust_790,u_cust_790,6966,Sao Paulo,SP
cust_791,u_cust_791,9837,Belo Horizonte,MG
cust_792,u_cust_792,1117,Salvador,BA
cust_793,u_cust_793,3551,Salvador,SP
cust_794,u_cust_794,6560,Belo Horizonte,SP
cust_795,u_cust_795,5289,Salvador,SP
cust_796,u_cust_796,1846,Salvador,SP
cust_797,u_cust_797,7316,Sao Paulo,BA
cust_798,u_cust_798,7469,Belo Horizonte,SP
cust_799,u_cust_799,9915,Rio de Janeiro,MG
